RegioNaam;RegioCode;AmsterdamseCode;OuderRegioNaam;OuderRegioCode;Kiesgerechtigden;Opkomst;OngeldigeStemmen;BlancoStemmen;GeldigeStemmen;VVD;D66;PVV (Partij voor de Vrijheid);CDA;SP (Socialistische Partij);Partij van de Arbeid (P.v.d.A.);GROENLINKS;Forum voor Democratie;Partij voor de Dieren;ChristenUnie;Volt;JA21;Staatkundig Gereformeerde Partij (SGP);DENK;50PLUS;BBB;BIJ1;CODE ORANJE;NIDA;Splinter;Piratenpartij;JONG;Trots op Nederland (TROTS);Lijst Henk Krol;NLBeter;Blanco (Zeven, A.J.L.B.);LP (Libertaire Partij);OPRECHT;JEZUS LEEFT;DE FEESTPARTIJ (DFP);U-Buntu Connected Front;Vrij en Sociaal Nederland;Partij van de Eenheid;Wij zijn Nederland;Partij voor de Republiek;Modern Nederland;De Groenen
Aa en Hunze;G1680;10787;Assen;K3;20921;17444;32;25;17387;4323;2679;1482;1429;1290;1880;835;691;746;411;311;328;58;11;171;467;35;41;5;60;28;18;24;9;11;26;4;9;3;;;;;;;2;
Aalsmeer;G0358;11264;Haarlem;K10;23249;19563;23;35;19505;6301;2742;2068;2114;636;794;561;950;591;743;344;702;114;165;180;74;81;56;36;63;42;26;39;25;14;;12;11;;12;2;5;;2;;;
Aalten;G0197;11046;Arnhem;K7;21386;17215;18;16;17181;3782;2045;1470;3241;1133;872;617;737;363;876;177;355;109;73;180;899;20;60;4;29;24;31;22;17;14;9;5;4;12;;1;;;;;;
Achtkarspelen;G0059;10199;Leeuwarden;K2;21772;16976;20;27;16929;2193;1071;2923;3047;1077;1117;365;1652;356;1603;123;273;351;7;85;418;19;67;4;28;16;28;43;10;8;;8;15;16;;;0;;;4;;2
Alblasserdam;G0482;11327;Dordrecht;K14;15070;12203;25;16;12162;2115;1059;1330;1044;619;677;254;679;287;1084;78;332;2006;206;150;40;30;54;28;25;11;15;;9;4;5;1;7;11;;;;;1;;1;
Albrandswaard;G0613;10124;Dordrecht;K14;19624;15859;16;22;15821;4578;2069;1991;1215;783;694;439;854;572;445;273;901;204;192;201;45;85;89;28;54;24;18;;16;12;16;7;4;10;;;;;2;;0;
Alkmaar;G0361;10527;Den Helder;K11;85247;68680;170;132;68378;14207;12290;6100;4630;4506;4413;4671;3979;3966;1019;1705;1669;164;1220;804;701;427;355;233;308;233;105;162;57;84;169;60;29;30;59;13;;;10;;;
Almelo;G0141;11053;Zwolle;K4;55728;40939;125;61;40753;8416;4501;6293;5184;2758;2379;1414;2685;1062;1296;545;882;225;1485;386;416;78;149;99;63;81;46;89;38;31;31;24;40;34;;3;;13;7;;;
Almere;G0034;10018;Lelystad;K5;152746;109261;339;257;108665;23803;15672;13011;5130;6899;5890;6086;7035;4831;2474;2249;2766;354;3740;1579;284;3658;574;873;426;432;237;;132;131;;74;80;102;;101;;42;;;;
Alphen aan den Rijn;G0484;10517;Leiden;K15;85935;69972;130;154;69688;18259;10223;6648;7041;3404;2872;2785;3573;2372;3071;1364;2059;1738;1239;706;485;285;354;288;246;143;151;;52;74;111;42;60;26;;9;;;;;8;
Alphen-Chaam;G1723;10710;Tilburg;K17;8165;6911;11;12;6888;2251;861;693;1108;378;195;186;314;214;40;105;185;4;6;79;174;6;21;1;16;5;9;;8;7;4;2;1;3;9;1;;2;;;;
Altena;G1959;10078;Tilburg;K17;43318;35415;30;33;35352;7451;2510;4372;4841;1448;1091;627;2253;780;3424;311;818;4387;37;274;281;45;95;5;71;38;34;;27;27;12;10;13;48;22;0;;0;;;;
Ameland;G0060;11153;Leeuwarden;K2;2935;2893;3;7;2883;753;352;263;453;126;206;93;130;97;60;51;94;9;2;15;132;3;11;0;8;6;4;8;2;2;;0;1;0;;;2;;;0;;0
Amersfoort;G0307;10948;Utrecht;K8;118081;97185;191;148;96846;19713;19471;6623;6830;4682;4942;7183;3522;4480;6127;3335;1813;860;3413;763;268;732;256;558;347;224;174;138;70;91;;53;43;40;45;22;28;;;;;
Amstelveen;G0362;10799;Haarlem;K10;57927;46874;102;74;46698;11937;9965;3453;3201;2217;3035;2866;1522;2175;944;1643;1048;161;537;448;66;662;122;148;127;129;68;36;36;37;;41;7;;24;23;20;;0;;;
Amsterdam;G0363;11150;Amsterdam;K9;582177;440919;2136;956;437827;55445;99649;22180;10815;21478;32783;44907;11971;30880;6214;25988;5282;586;29384;2355;343;25563;864;5053;1278;1819;383;301;297;276;;391;106;247;;384;144;221;;151;;89
Apeldoorn;G0200;11075;Arnhem;K7;128846;102081;173;178;101730;23443;14798;10081;9084;5610;5852;4684;5452;3840;5325;1892;2280;3447;1784;1047;962;281;343;147;324;180;138;238;105;65;123;50;80;67;;8;;;;;;
Arnhem;G0202;10795;Arnhem;K7;122535;90234;238;245;89751;15338;17412;8450;4190;5677;5832;8234;4231;5753;2035;3193;1436;251;3232;754;220;1298;377;414;335;337;149;118;76;77;140;71;53;50;;18;;;;;;
Assen;G0106;10522;Assen;K3;53867;42590;72;73;42445;7842;6628;3725;3579;3446;3929;2324;2159;1546;3399;709;804;310;220;433;378;140;156;60;151;76;59;109;29;38;56;26;70;34;;;;;;;10;
Asten;G0743;10478;'s-Hertogenbosch;K18;12904;10831;15;16;10800;3159;1334;1186;1789;786;360;283;486;275;50;202;271;13;35;144;260;9;34;6;27;9;12;20;8;13;10;7;0;1;11;;;0;;;;
Baarle-Nassau;G0744;10060;Tilburg;K17;5386;4249;19;3;4227;1107;404;643;714;284;155;98;243;132;24;37;132;5;5;71;108;4;13;0;13;5;5;;3;7;5;0;1;0;8;1;;0;;;;
Baarn;G0308;11411;Utrecht;K8;19355;15847;31;31;15785;3994;2927;1302;1426;630;814;898;684;764;587;458;433;143;217;138;39;54;44;22;53;32;18;22;14;26;;19;7;4;8;6;2;;;;;
Barendrecht;G0489;10943;Dordrecht;K14;36760;29823;48;48;29727;7638;4052;3496;2410;1378;1245;925;1582;827;1206;436;1418;1254;644;364;43;203;118;219;78;45;30;;23;29;25;10;7;13;;;;;6;;3;
Barneveld;G0203;10906;Arnhem;K7;43718;37653;40;42;37571;6863;2292;3011;5207;788;607;591;2185;499;4231;302;802;8675;351;187;497;48;96;33;40;38;41;42;17;13;19;11;42;40;;3;;;;;;
Beek;G0888;11374;Maastricht;K19;13072;10616;20;24;10572;2351;1382;1724;1340;701;757;371;677;392;74;135;192;5;52;166;63;10;38;9;20;19;18;26;10;8;7;6;5;;13;;;1;0;;;
Beekdaelen;G1954;10104;Maastricht;K19;29403;23425;31;48;23346;4965;2687;3922;2963;1753;1781;879;1574;888;160;326;453;36;33;280;186;38;66;7;67;45;36;53;58;14;34;11;8;;21;;;1;1;;;
Beemster;G0370;10816;Den Helder;K11;7870;6732;11;8;6713;2175;943;643;610;298;339;257;293;262;51;132;240;13;25;51;246;25;23;1;21;17;5;11;5;13;5;2;1;1;4;1;;;0;;;
Beesel;G0889;10195;Maastricht;K19;10714;8032;10;15;8007;1800;982;1443;910;580;513;276;452;203;46;98;179;8;93;147;91;8;27;17;19;7;22;32;19;4;11;6;5;;7;;;0;2;;;
Berg en Dal;G1945;10616;Nijmegen;K6;28200;22977;27;31;22919;5438;3574;3024;2265;1793;1458;1393;802;1137;176;471;481;33;43;233;213;88;58;6;38;42;22;32;24;15;30;9;6;5;10;;;;;;;
Bergeijk;G1724;11160;'s-Hertogenbosch;K18;14877;12120;21;17;12082;3747;1348;1334;2004;737;453;369;505;332;81;223;292;25;5;174;243;10;34;6;31;14;27;19;27;14;6;2;7;1;12;;;0;;;;
Bergen;G0893;11281;Maastricht;K19;10603;8200;21;21;8158;1983;821;1475;1137;709;374;222;439;210;42;98;220;10;7;85;180;11;24;7;13;9;13;21;14;2;12;5;3;;11;;;0;1;;;
Bergen;G0373;11424;Den Helder;K11;24347;20789;34;45;20710;5280;3814;1999;1828;962;1183;1073;932;1417;233;556;579;30;15;162;170;48;76;2;68;46;30;36;23;26;83;13;9;4;12;0;;;1;;;
Bergen op Zoom;G0748;11037;Tilburg;K17;51656;38428;74;39;38315;10464;5120;5133;3079;2586;1924;1552;1915;1215;414;527;966;68;1721;508;149;104;174;203;146;68;61;;47;33;48;11;13;18;40;0;;8;;;;
Berkelland;G1859;10436;Arnhem;K7;35557;29706;33;31;29642;6706;3568;2794;4686;2096;2044;920;1301;717;427;430;675;72;93;296;2383;41;95;11;69;35;47;59;9;12;34;9;6;7;;0;;;;;;
Bernheze;G1721;10149;'s-Hertogenbosch;K18;24439;19799;25;22;19752;6083;2681;2008;2845;2023;641;558;741;367;112;308;463;17;48;279;261;31;62;9;38;39;31;37;10;12;9;6;12;1;19;;;1;;;;
Best;G0753;10442;'s-Hertogenbosch;K18;23005;18600;25;26;18549;5372;2890;2095;1842;1314;814;709;825;458;408;412;407;52;204;238;83;41;78;26;34;42;40;28;47;18;18;6;6;8;31;;;3;;;;
Beuningen;G0209;10417;Nijmegen;K6;20833;16626;23;23;16580;4782;2508;2075;1537;1228;891;735;776;459;144;269;466;28;65;221;100;56;57;13;39;18;15;26;16;15;12;1;8;8;12;;;;;;;
Beverwijk;G0375;10272;Haarlem;K10;30700;23295;41;54;23200;5121;3262;3156;1521;1723;1291;1170;1636;1029;270;401;728;35;709;334;72;135;123;81;92;63;42;66;42;33;;12;15;;17;4;11;;6;;;
Bladel;G1728;11006;'s-Hertogenbosch;K18;16129;12977;12;16;12949;3822;1698;1467;1761;1007;515;428;608;313;86;263;304;14;18;209;179;20;50;1;45;18;28;23;24;3;15;9;10;0;10;;;1;;;;
Blaricum;G0376;10493;Haarlem;K10;8896;7692;13;8;7671;2835;1276;623;730;260;294;182;358;230;142;208;244;23;63;61;19;11;28;29;13;8;8;7;6;4;;3;3;;2;1;0;;0;;;
Bloemendaal;G0377;10850;Haarlem;K10;17760;15683;24;31;15628;5054;3765;745;1370;403;697;677;422;790;249;783;311;29;23;87;21;50;27;3;36;14;13;17;8;11;;8;4;;5;0;6;;0;;;
Bodegraven-Reeuwijk;G1901;11091;Leiden;K15;26786;22714;41;43;22630;5882;2728;1931;2834;746;745;661;1079;505;1611;361;708;1784;293;160;239;49;68;55;51;40;21;;9;14;22;7;7;18;;0;;;;;2;
Boekel;G0755;10432;'s-Hertogenbosch;K18;8440;6802;13;7;6782;1922;795;776;1252;540;199;163;334;160;36;72;158;2;4;61;182;12;23;5;11;10;14;13;13;4;3;3;2;3;9;;;1;;;;
Bonaire;O9001;10084;Bonaire;K20;13490;3082;32;33;3017;360;431;147;864;75;271;154;126;120;153;39;31;10;92;15;;79;11;4;;18;;;;;;4;;;;13;;;;;;
Borger-Odoorn;G1681;10448;Assen;K3;21070;16778;17;20;16741;3479;1881;2349;1628;1435;1638;517;976;570;576;180;379;122;5;175;457;22;55;0;44;22;23;61;10;16;29;5;79;8;;;;;;;0;
Borne;G0147;10326;Zwolle;K4;18415;15711;26;20;15665;3898;2123;1659;3368;982;778;482;642;314;251;224;279;45;45;118;262;12;38;3;27;19;14;26;9;10;9;7;9;7;;0;;1;4;;;
Borsele;G0654;10043;Middelburg;K16;17613;14582;9;23;14550;2965;1290;1431;1946;671;588;338;763;368;498;145;408;2413;13;184;330;17;55;3;34;13;24;;7;13;14;6;2;11;;;;0;;;;
Boxmeer;G0756;11227;'s-Hertogenbosch;K18;23584;19820;31;38;19751;5053;2838;2099;2871;2165;903;649;745;487;131;303;497;14;100;201;351;29;52;20;65;25;29;39;11;18;15;13;1;2;20;;;5;;;;
Boxtel;G0757;10083;'s-Hertogenbosch;K18;25323;19556;29;32;19495;5250;3215;2026;2153;1691;939;884;804;656;162;361;336;25;264;171;119;53;46;100;48;32;47;30;13;12;14;10;4;4;26;;;0;;;;
Breda;G0758;10154;Tilburg;K17;140831;110855;195;180;110480;29325;22138;9612;7653;6631;5677;6513;5046;4592;1043;3330;2289;153;2059;1152;306;623;375;419;386;303;225;;87;98;140;80;88;27;83;14;;13;;;;
Brielle;G0501;10232;Dordrecht;K14;13892;11047;9;26;11012;3138;1381;1552;842;665;583;295;776;371;167;142;596;45;36;147;66;24;67;2;36;12;22;;5;8;12;5;10;3;;;;;4;;0;
Bronckhorst;G1876;11159;Arnhem;K7;29674;24699;32;31;24636;6390;3136;2119;4009;1293;1413;827;762;737;600;377;623;204;19;217;1556;39;66;3;42;26;30;40;20;20;29;22;8;8;;1;;;;;;
Brummen;G0213;10798;Arnhem;K7;17081;13782;26;21;13735;3526;1990;1480;1323;919;1015;630;569;518;302;212;339;33;214;146;289;24;40;10;17;32;24;24;9;8;21;7;6;7;;1;;;;;;
Brunssum;G0899;10533;Maastricht;K19;22558;16333;30;43;16260;2694;1358;3593;1317;1725;1386;457;1679;576;235;136;293;36;85;262;44;43;68;18;51;32;21;42;36;14;29;4;3;;16;;;3;4;;;
Bunnik;G0312;10820;Utrecht;K8;11614;10322;6;9;10307;2453;2254;637;1100;367;587;940;225;449;336;305;174;145;31;91;67;46;13;0;18;18;9;14;4;5;;2;0;3;7;1;6;;;;;
Bunschoten;G0313;11343;Utrecht;K8;16079;13761;17;23;13721;2106;570;1953;2605;204;136;124;954;118;3014;77;367;1121;87;46;83;10;24;4;9;11;11;20;5;1;;2;5;52;1;0;1;;;;;
Buren;G0214;11286;Nijmegen;K6;21356;17392;25;21;17346;4948;1906;2564;1630;767;829;446;903;563;532;213;520;819;30;131;251;35;70;4;53;26;16;40;12;3;9;9;4;5;8;;;;;;;
Capelle aan den IJssel;G0502;11248;Leiden;K15;50963;37072;122;85;36865;7721;5102;4189;2237;2303;1966;1432;2210;1342;1518;583;1713;1879;704;484;52;563;230;147;88;89;57;;34;34;49;16;64;31;;13;;;;;15;
Castricum;G0383;11287;Den Helder;K11;27119;25279;24;45;25210;6406;4919;1871;2521;1172;1464;1532;1111;1397;322;715;697;37;52;251;191;91;89;1;86;49;52;41;22;34;37;14;8;13;14;0;;;1;;;
Coevorden;G0109;10383;Assen;K3;28398;22543;34;34;22475;5087;2499;3103;2915;1577;1941;625;1244;611;574;246;543;150;37;229;736;30;76;7;52;26;29;48;26;16;15;6;11;14;;;;;;;2;
Cranendonck;G1706;10219;'s-Hertogenbosch;K18;16178;12771;21;19;12731;3486;1380;2040;1792;928;500;320;675;314;82;192;402;16;18;161;178;31;41;3;27;23;24;33;18;9;11;2;4;8;13;;;0;;;;
Cuijk;G1684;10023;'s-Hertogenbosch;K18;20105;15830;30;20;15780;3926;2279;1807;1758;1587;728;637;720;494;111;229;368;17;429;168;177;48;42;29;44;33;25;40;16;13;9;8;16;4;15;;;3;;;;
Culemborg;G0216;10342;Nijmegen;K6;22210;18064;33;35;17996;3821;3057;1668;1334;897;1116;1410;724;850;514;490;384;150;769;173;53;114;46;124;63;40;25;40;20;13;28;12;51;5;5;;;;;;;
Dalfsen;G0148;11007;Zwolle;K4;22525;19421;20;21;19380;4210;2217;1519;4014;827;812;499;750;353;1744;215;427;433;4;150;984;16;30;1;24;28;24;29;17;11;17;6;6;10;;2;;1;0;;;
Dantumadiel;G1891;10650;Leeuwarden;K2;15038;11884;15;9;11860;1316;733;1779;2262;797;754;235;1022;232;1268;101;217;632;3;52;259;16;44;2;26;20;22;28;4;5;;2;4;23;;;0;;;1;;1
De Bilt;G0310;10168;Utrecht;K8;33103;28486;40;55;28391;6859;5898;1806;2271;1147;1594;1973;876;1514;1020;967;553;773;305;203;90;155;43;65;79;49;22;28;22;23;;12;9;6;11;2;16;;;;;
De Fryske Marren;G1940;10022;Leeuwarden;K2;40845;33825;36;53;33736;6859;3906;3495;6034;1960;2538;961;2675;913;1105;365;772;317;47;233;1067;31;103;7;81;28;52;78;29;24;;12;15;12;;;11;;;4;;2
De Ronde Venen;G0736;11379;Utrecht;K8;34757;29526;61;43;29422;8695;4546;2990;3282;957;1067;1022;1430;942;916;693;948;383;267;340;321;132;107;54;69;47;36;42;23;41;;17;7;13;18;2;15;;;;;
De Wolden;G1690;10262;Assen;K3;19655;16733;32;8;16693;4186;1848;1734;2431;786;1047;499;880;511;664;182;454;142;4;165;877;22;64;2;33;18;28;42;14;17;29;6;5;3;;;;;;;0;
Delft;G0503;10928;Dordrecht;K14;74248;59046;127;116;58803;9822;12752;4877;3248;3185;3476;5237;2139;2854;1724;4416;1290;261;1115;433;112;584;318;179;194;190;99;;47;34;87;63;21;33;;;;;6;;7;
Den Helder;G0400;10285;Den Helder;K11;44777;32501;67;70;32364;7725;3336;5328;3075;2077;1709;976;2732;1139;932;409;868;218;117;520;180;130;253;20;126;83;59;112;51;44;44;9;39;19;31;1;;;2;;;
Deurne;G0762;10379;'s-Hertogenbosch;K18;25545;20029;26;37;19966;5773;2298;2415;2938;1611;732;626;911;466;138;256;545;20;79;284;503;28;77;5;47;48;36;40;13;12;20;13;3;3;25;;;1;;;;
Deventer;G0150;10899;Zwolle;K4;79181;61428;138;109;61181;11527;11110;5182;4401;4147;4788;4457;2444;2760;1624;1864;907;183;1948;534;1863;322;157;70;214;156;91;116;46;46;83;34;59;22;;4;;8;14;;;
Diemen;G0384;11039;Haarlem;K10;22280;16374;46;45;16283;2984;3074;1408;765;869;1193;1456;642;843;273;682;384;37;441;156;20;637;79;98;51;60;34;18;24;10;;17;7;;5;8;7;;1;;;
Dinkelland;G1774;10245;Zwolle;K4;21226;18034;25;12;17997;4894;1477;1792;5627;554;463;296;598;261;119;218;415;24;8;111;1003;8;25;6;18;11;11;28;7;8;5;4;2;2;;0;;0;2;;;
Doesburg;G0221;10327;Arnhem;K7;9092;7058;7;11;7040;1369;1065;917;582;716;539;353;377;266;133;122;134;13;201;54;57;15;19;10;22;23;8;13;3;4;11;1;9;4;;0;;;;;;
Doetinchem;G0222;10396;Arnhem;K7;46245;36309;51;57;36201;8313;5424;4167;3972;2912;2328;1522;1841;1082;841;573;757;373;454;422;542;82;121;60;122;82;45;56;20;24;24;16;11;15;;0;;;;;;
Dongen;G0766;11412;Tilburg;K17;20776;16289;25;24;16240;4757;2436;1881;1669;1184;859;558;650;448;219;184;359;48;294;219;159;24;65;9;41;42;29;;18;25;18;7;14;5;18;0;;1;;;;
Dordrecht;G0505;11157;Dordrecht;K14;90249;66728;155;141;66432;13496;9197;7548;4219;4360;3680;3379;3489;3004;3405;1202;1639;2012;2860;855;130;522;283;278;246;163;97;;61;62;74;47;36;74;;;;;12;;2;
Drechterland;G0498;10642;Den Helder;K11;15279;12760;21;22;12717;3605;1770;1303;1586;676;533;440;791;427;112;212;532;22;18;150;244;24;53;6;42;20;28;42;17;18;17;10;6;4;8;0;;;1;;;
Drimmelen;G1719;10258;Tilburg;K17;21788;17376;16;22;17338;5441;2109;2368;1741;1270;801;478;951;509;152;243;419;43;20;221;294;24;62;12;37;22;30;;18;22;13;11;10;3;12;0;;2;;;;
Dronten;G0303;10210;Lelystad;K5;31359;25409;27;37;25345;6225;2865;2654;3334;1375;981;877;1611;710;1649;361;857;335;228;242;548;61;109;29;98;51;32;;33;21;;7;22;25;;1;;4;;;;
Druten;G0225;10068;Nijmegen;K6;15056;11848;22;12;11814;3492;1672;1462;1241;1036;616;385;482;262;81;177;273;15;142;144;142;16;41;7;17;13;19;23;11;10;6;4;8;4;13;;;;;;;
Duiven;G0226;11028;Arnhem;K7;20038;16349;27;30;16292;4589;2471;1857;1749;1074;925;628;724;512;301;258;506;36;56;198;114;39;84;5;44;17;22;32;15;11;10;6;6;3;;0;;;;;;
Echt-Susteren;G1711;10941;Maastricht;K19;25760;19818;28;19;19771;3983;2008;4059;2824;1333;1348;632;1342;642;137;204;363;18;67;262;188;29;57;18;58;34;21;50;23;16;19;8;8;;16;;;1;3;;;
Edam-Volendam;G0385;10884;Den Helder;K11;28786;24295;47;19;24229;4871;2088;5885;3214;769;808;616;1973;803;206;381;1597;43;81;177;243;71;103;20;58;50;26;44;25;20;20;7;3;11;12;0;;;4;;;
Ede;G0228;10743;Arnhem;K7;89676;74626;118;91;74417;14348;8129;6093;7977;2467;2539;3059;3638;2165;7862;1241;1584;9226;1582;565;540;223;159;214;174;103;97;130;47;50;57;26;63;54;;5;;;;;;
Eemnes;G0317;10248;Utrecht;K8;7315;6321;12;10;6299;1934;998;600;636;263;299;221;277;271;176;157;217;34;6;47;58;18;17;1;14;16;8;11;4;6;;1;2;1;3;0;3;;;;;
Eemsdelta;G1979;10976;Groningen;K1;36493;26887;48;47;26792;3971;2689;3467;3129;3505;2817;904;1495;830;1560;231;389;211;320;288;537;63;69;14;69;35;22;57;18;18;;8;20;17;30;4;5;;;;;
Eersel;G0770;10741;'s-Hertogenbosch;K18;15594;12695;10;25;12660;3886;1853;1139;1904;762;490;437;425;348;108;427;267;12;11;155;191;8;48;4;32;21;26;25;19;20;10;11;5;1;13;;;2;;;;
Eijsden-Margraten;G1903;11243;Maastricht;K19;20707;17162;34;43;17085;4307;2487;2069;2296;924;1562;738;730;635;109;306;350;21;17;188;113;15;28;2;42;21;24;26;15;22;20;5;1;;11;;;1;0;;;
Eindhoven;G0772;11298;'s-Hertogenbosch;K18;164596;123651;276;316;123059;24311;23398;11861;7646;8946;6561;9244;5848;5564;1736;5782;1959;251;3902;1535;188;1015;499;562;406;454;233;190;209;103;187;98;56;61;165;;;89;;;;
Elburg;G0230;11113;Arnhem;K7;17956;15152;131;16;15005;2690;835;1608;2169;508;390;245;688;233;2584;83;321;2212;9;90;176;15;29;1;21;9;13;31;4;7;9;4;5;15;;1;;;;;;
Emmen;G0114;11180;Assen;K3;85911;64761;120;89;64552;11658;6371;11938;7033;6227;5750;1830;4516;1663;1865;646;1288;319;322;918;971;118;243;42;150;99;105;198;63;57;44;31;38;42;;;;;;;7;
Enkhuizen;G0388;10729;Den Helder;K11;14298;11305;24;19;11262;2373;1837;1286;880;907;723;453;738;505;237;202;332;153;143;124;54;40;71;7;54;26;25;23;5;16;23;5;4;4;10;0;;;2;;;
Enschede;G0153;10364;Zwolle;K4;120141;90423;206;176;90041;15071;12361;12150;10162;6145;5896;4908;6263;2851;2845;3547;1607;363;2437;722;529;448;282;202;243;306;139;140;65;68;83;56;32;44;;15;;14;47;;;
Epe;G0232;10940;Arnhem;K7;26733;21717;29;31;21657;5365;2424;2299;2508;1063;1332;665;992;692;1329;263;501;913;297;225;420;31;44;13;52;33;19;43;15;12;18;11;56;22;;0;;;;;;
Ermelo;G0233;10732;Arnhem;K7;21269;17718;24;27;17667;3583;1817;1489;2672;631;613;568;890;575;2235;235;462;1285;70;138;143;31;50;6;35;18;16;26;16;12;14;6;7;22;;2;;;;;;
Etten-Leur;G0777;10750;Tilburg;K17;33511;25699;45;34;25620;7581;3443;3280;2426;1806;1319;989;1291;636;273;341;658;32;471;342;170;69;92;115;90;35;38;;28;21;19;9;15;10;20;0;;1;;;;
Geertruidenberg;G0779;10101;Tilburg;K17;17247;13240;21;19;13200;3855;1416;2087;1231;1149;673;346;813;335;141;147;335;26;39;201;116;25;57;5;69;23;21;;15;21;11;5;15;3;19;0;;1;;;;
Geldrop-Mierlo;G1771;10529;'s-Hertogenbosch;K18;31024;24843;48;39;24756;6067;3876;3122;2503;1948;1259;1175;1313;865;319;559;502;45;216;322;77;75;88;39;74;56;41;55;38;17;31;17;20;3;30;;;4;;;;
Gemert-Bakel;G1652;10277;'s-Hertogenbosch;K18;23600;18778;35;26;18717;4810;2280;2338;3428;1541;652;585;780;504;103;254;386;9;27;222;506;33;51;5;45;24;26;46;11;16;7;5;3;1;19;;;0;;;;
Gennep;G0907;10542;Maastricht;K19;13674;10449;23;25;10401;2552;1396;1291;1341;1021;644;395;475;355;84;160;215;9;61;91;116;26;18;4;40;30;10;22;10;3;9;7;9;;6;;;1;0;;;
Gilze en Rijen;G0784;11375;Tilburg;K17;20316;16102;36;16;16050;4452;2173;1899;1655;1273;870;596;839;417;118;250;389;19;345;268;162;34;44;24;49;28;35;;26;16;11;9;21;5;19;0;;4;;;;
Goeree-Overflakkee;G1924;11067;Dordrecht;K14;40054;33088;56;36;32996;6954;2179;4025;3311;1376;1501;601;1991;808;2567;279;1050;5279;20;350;204;39;175;4;68;50;42;;22;25;27;12;5;19;;;;;9;;4;
Goes;G0664;10674;Middelburg;K16;30538;23992;43;31;23918;5192;3130;2067;2693;1319;1638;975;1258;895;1242;302;607;1534;130;306;205;88;84;27;57;55;27;;20;22;26;9;6;3;;;;1;;;;
Goirle;G0785;10971;Tilburg;K17;18782;15151;20;24;15107;4247;2762;1546;1410;1232;777;688;675;502;94;270;312;8;78;191;52;30;53;10;41;22;25;;10;21;15;8;6;2;18;0;;2;;;;
Gooise Meren;G1942;10281;Haarlem;K10;42981;36722;63;71;36588;10247;8765;2231;3002;1205;1748;1784;1348;1679;591;1562;838;107;342;254;115;114;85;122;100;112;53;33;34;51;;17;12;;18;3;15;;1;;;
Gorinchem;G0512;10942;Dordrecht;K14;28184;21864;82;35;21747;4907;3185;2259;1549;1312;1283;929;1208;706;1103;402;535;497;1031;207;49;94;82;138;61;40;25;;52;22;17;10;12;25;;;;;4;;3;
Gouda;G0513;10302;Leiden;K15;55733;44473;93;90;44290;7546;7238;3960;3136;2294;2621;2796;1913;1988;3029;1161;1090;1940;1746;507;112;217;152;314;143;105;51;;30;45;48;32;38;26;;8;;;;;4;
Grave;G0786;10165;'s-Hertogenbosch;K18;9736;7994;10;12;7972;2158;1161;965;948;744;343;296;372;264;75;142;184;8;8;74;94;20;20;3;26;15;9;13;6;8;3;2;5;0;6;;;0;;;;
Groningen;G0014;10426;Groningen;K1;178904;146229;280;235;145714;19897;33442;8254;8155;11076;12164;15278;5401;8744;5762;8042;2200;668;719;794;588;1702;419;214;531;579;283;194;100;132;;111;65;56;62;38;44;;;;;
Gulpen-Wittem;G1729;11032;Maastricht;K19;11812;9702;11;9;9682;2026;1053;1412;1697;621;790;416;455;367;90;154;167;26;10;120;153;13;13;1;18;15;9;11;13;5;12;6;3;;5;;;0;1;;;
Haaksbergen;G0158;11435;Zwolle;K4;19407;16094;35;31;16028;3772;1973;1724;3535;947;698;362;704;327;179;203;363;38;226;131;651;24;48;3;30;16;14;20;10;6;6;3;3;3;;3;;3;3;;;
Haarlem;G0392;10357;Haarlem;K10;116791;94270;332;138;93800;16491;21519;6865;4356;5155;6443;8780;3593;6136;1427;4571;1604;212;2734;823;122;1051;288;270;330;286;107;248;77;97;;57;30;;61;15;35;;17;;;
Haarlemmermeer;G0394;11387;Haarlem;K10;114623;91180;190;172;90818;25857;13710;10562;7863;4015;4007;3571;4725;3218;2174;1850;2859;628;1571;1216;288;667;378;391;298;201;204;216;99;70;;46;45;;51;15;15;;8;;;
Halderberge;G1655;10397;Tilburg;K17;28173;17877;35;20;17822;5517;2002;2881;1716;1374;734;477;961;364;161;197;457;21;276;232;153;29;78;23;38;25;27;;17;12;11;7;8;8;13;1;;2;;;;
Hardenberg;G0160;10174;Zwolle;K4;47554;39349;70;43;39236;7433;2941;4398;7721;1913;1618;773;2233;602;4594;386;847;743;31;506;1976;39;122;6;67;36;57;75;28;16;21;8;15;23;;0;;6;2;;;
Harderwijk;G0243;10786;Arnhem;K7;36543;29633;50;46;29537;7162;3611;2695;3536;1085;1128;1107;1337;865;3032;436;800;744;1016;184;220;72;88;73;74;55;48;50;19;21;40;10;9;19;;1;;;;;;
Hardinxveld-Giessendam;G0523;10167;Dordrecht;K14;13818;11690;13;1;11676;2041;584;1045;1237;346;459;141;609;184;2034;71;262;2335;34;83;58;6;26;12;16;17;16;;7;8;9;3;4;24;;;;;5;;0;
Harlingen;G0072;10909;Leeuwarden;K2;12546;9956;9;20;9927;1956;1101;1285;1202;820;941;338;666;449;347;136;220;62;11;130;79;24;33;7;23;25;11;17;8;4;;5;10;8;;;4;;;4;;1
Hattem;G0244;10673;Arnhem;K7;9488;8111;13;6;8092;1501;1022;607;1140;378;616;284;308;197;1398;122;145;169;28;42;55;9;8;4;18;7;4;4;3;7;11;3;0;2;;0;;;;;;
Heemskerk;G0396;10679;Haarlem;K10;30743;24093;49;38;24006;5802;3571;2799;2237;1608;1412;1181;1463;999;347;419;662;57;364;337;127;86;122;52;91;42;51;72;24;37;;7;4;;25;0;4;;4;;;
Heemstede;G0397;11288;Haarlem;K10;20624;18013;19;11;17983;5634;4401;913;1422;578;866;940;449;840;241;829;386;30;57;132;10;55;36;12;33;20;20;21;18;13;;10;5;;4;0;8;;0;;;
Heerde;G0246;10291;Arnhem;K7;14931;12241;23;18;12200;2399;1087;1338;1914;547;669;347;555;303;1799;124;225;423;32;94;209;10;27;3;20;7;14;23;3;4;4;1;1;18;;0;;;;;;
Heerenveen;G0074;10680;Leeuwarden;K2;39975;32096;61;56;31979;6262;4687;3018;3382;2521;3350;1403;2139;1198;1066;501;576;129;223;255;636;76;123;32;88;63;55;65;20;31;;10;27;21;;;7;;;13;;2
Heerhugowaard;G0398;10752;Den Helder;K11;43502;33107;80;57;32970;8460;4863;3396;2926;2226;1760;1483;2197;1175;662;580;898;84;451;450;269;142;230;68;163;88;84;98;38;37;43;27;17;22;27;4;;;2;;;
Heerlen;G0917;10902;Maastricht;K19;68784;47800;559;114;47127;7298;4737;9474;3393;5713;3297;1965;4607;2094;376;609;682;75;681;771;118;187;179;113;134;146;52;108;63;45;95;13;20;;61;;;11;10;;;
Heeze-Leende;G1658;10462;'s-Hertogenbosch;K18;12987;10900;9;23;10868;3340;1769;1056;1409;647;441;394;417;340;117;241;237;4;13;106;156;11;37;4;40;11;12;14;12;6;19;4;0;1;9;;;1;;;;
Heiloo;G0399;10793;Den Helder;K11;19229;16910;23;20;16867;4504;3549;1075;1533;753;1030;981;643;948;274;468;447;32;35;141;86;44;48;7;77;49;20;18;17;17;34;11;11;6;9;0;;;0;;;
Hellendoorn;G0163;10806;Zwolle;K4;28457;24140;35;22;24083;5412;2700;2193;5618;1312;932;624;1068;443;1192;283;519;182;41;181;1003;32;96;9;45;34;19;40;14;8;12;7;41;20;;1;;0;2;;;
Hellevoetsluis;G0530;11078;Dordrecht;K14;31627;23699;31;40;23628;5932;2528;3910;1504;1634;1235;621;2169;822;427;279;1079;93;348;382;104;88;133;35;89;50;36;;28;23;18;18;12;19;;;;;8;;4;
Helmond;G0794;10932;'s-Hertogenbosch;K18;67212;47993;85;80;47828;11443;5905;7835;3819;4252;2008;1975;3282;1377;372;876;969;59;1487;682;157;145;262;236;146;96;91;89;61;36;44;20;23;16;58;;;7;;;;
Hendrik-Ido-Ambacht;G0531;10416;Dordrecht;K14;23105;19271;22;30;19219;4799;2019;1993;1642;865;652;478;1066;439;1281;161;667;2400;186;170;41;58;71;56;40;25;24;;18;14;9;7;16;12;;;;;9;;1;
Hengelo;G0164;10907;Zwolle;K4;63414;49573;105;100;49368;9759;7143;5296;6989;3971;3221;2303;2783;1637;1127;1166;1139;180;864;436;415;188;164;36;136;107;56;80;28;25;31;21;23;34;;5;;0;5;;;
Het Hogeland;G1966;10246;Groningen;K1;38135;30718;39;59;30620;4260;3413;2771;4296;2903;2960;1483;1427;1326;2824;438;461;404;29;253;831;100;90;8;103;56;24;48;21;16;;4;8;19;33;0;11;;;;;
Heumen;G0252;10600;Nijmegen;K6;13212;11264;27;13;11224;2900;2121;920;1245;738;743;771;318;440;138;270;221;8;17;103;96;33;15;7;38;18;11;17;7;9;5;3;3;3;6;;;;;;;
Heusden;G0797;10307;'s-Hertogenbosch;K18;34890;28275;45;26;28204;8351;3909;3619;3073;2100;1036;848;1368;746;324;479;712;48;382;371;233;30;112;44;77;55;61;84;33;17;30;10;18;4;28;;;2;;;;
Hillegom;G0534;11236;Leiden;K15;16713;13790;27;19;13744;3695;2101;1670;1315;607;630;505;773;578;213;282;535;85;122;225;67;30;81;14;48;34;22;;21;22;56;8;2;1;;1;;;;;1;
Hilvarenbeek;G0798;11297;Tilburg;K17;12563;10640;10;12;10618;3347;1830;819;1536;667;429;399;305;294;71;180;255;9;5;130;182;19;32;1;23;10;24;;7;9;12;4;1;1;14;0;;3;;;;
Hilversum;G0402;11285;Haarlem;K10;65290;52644;125;99;52420;11339;11147;4639;3358;2736;2942;3603;2163;2741;1413;1812;1037;255;1141;497;109;440;143;181;194;153;65;66;50;80;;42;17;;31;3;19;;4;;;
Hoeksche Waard;G1963;10222;Dordrecht;K14;69784;57556;57;58;57441;13773;6232;6628;5693;3011;2720;1445;3409;1812;2872;660;2477;4771;78;654;334;86;247;23;153;92;75;;49;41;40;13;18;17;;;;;12;;6;
Hof van Twente;G1735;10076;Zwolle;K4;28184;23795;29;37;23729;6058;2755;2325;5021;1150;1318;556;1034;434;339;312;604;118;105;196;1117;29;50;8;52;28;21;37;7;16;14;6;5;12;;1;;0;1;;;
Hollands Kroon;G1911;10344;Den Helder;K11;37210;29659;35;46;29578;7740;3250;3797;3474;1806;1479;842;2091;870;541;460;1017;143;36;373;863;54;186;9;96;55;59;91;89;41;35;17;21;12;27;1;;;3;;;
Hoogeveen;G0118;10839;Assen;K3;43427;34017;70;44;33903;5814;2715;5587;4917;2398;2064;848;2600;689;2430;280;754;700;119;369;665;48;142;16;83;49;234;127;33;14;36;22;94;53;;;;;;;3;
Hoorn;G0405;11392;Den Helder;K11;55736;42518;102;69;42347;9787;7127;4243;2999;2829;2689;2301;2725;1991;643;935;1129;105;693;578;146;393;190;87;176;122;83;103;57;51;53;17;17;17;39;11;;;11;;;
Horst aan de Maas;G1507;11108;Maastricht;K19;33063;26659;32;60;26567;6453;3547;3244;4691;1976;1259;951;1156;693;154;440;654;27;33;373;539;38;58;5;43;40;51;37;17;17;22;25;11;;13;;;0;0;;;
Houten;G0321;10230;Utrecht;K8;37539;31642;58;66;31518;7999;6080;2420;2701;1310;1578;2081;933;1032;1951;866;769;671;162;320;96;144;68;30;92;51;36;37;23;18;;12;10;16;8;1;3;;;;;
Huizen;G0406;11170;Haarlem;K10;32227;26151;38;40;26073;6711;4037;2469;2689;1175;1131;950;1229;1002;1531;552;741;495;402;270;85;90;64;110;80;53;35;49;27;35;;21;13;;12;1;12;;2;;;
Hulst;G0677;11408;Middelburg;K16;19964;15078;26;15;15037;3997;1581;2094;2003;1051;883;422;872;423;152;147;440;28;18;302;349;11;56;8;48;29;11;;13;17;56;9;5;10;;;;2;;;;
IJsselstein;G0353;10152;Utrecht;K8;25977;20813;34;32;20747;5938;3428;2150;1909;1010;1009;870;843;650;513;359;630;175;451;282;76;85;65;79;62;27;36;31;11;12;;13;5;11;11;2;4;;;;;
Kaag en Braassem;G1884;10349;Leiden;K15;21480;18145;18;19;18108;5509;2642;1945;2157;778;626;610;884;547;291;350;771;63;47;260;268;38;90;17;58;36;40;;13;21;22;14;6;3;;1;;;;;1;
Kampen;G0166;10253;Zwolle;K4;40929;34483;47;40;34396;5155;2685;3660;4983;1569;1333;1148;2113;689;4803;415;688;3651;361;223;372;73;107;19;81;57;32;51;27;22;15;11;21;23;;2;;5;2;;;
Kapelle;G0678;11223;Middelburg;K16;9840;8449;11;3;8435;1940;808;649;1094;360;435;178;362;213;601;92;247;1126;11;100;105;17;28;1;16;13;7;;7;2;3;6;3;10;;;;1;;;;
Katwijk;G0537;10707;Leiden;K15;49533;41320;51;39;41230;8861;3151;5214;5874;1240;1042;771;3029;1113;4077;515;1317;3561;235;423;132;73;172;55;89;57;50;;35;33;30;14;10;57;;0;;;;;0;
Kerkrade;G0928;10313;Maastricht;K19;34535;23522;53;34;23435;3979;1614;5958;1967;2192;1945;744;2400;818;118;213;365;27;155;402;49;64;68;26;61;48;18;63;28;22;41;7;10;;29;;;0;4;;;
Koggenland;G1598;10354;Den Helder;K11;18041;15165;17;23;15125;4674;2003;1464;1999;723;657;496;841;478;130;216;447;22;15;178;462;45;72;3;29;33;28;51;8;14;13;5;3;2;13;0;;;1;;;
Krimpen aan den IJssel;G0542;10859;Leiden;K15;22685;18626;27;26;18573;3562;2005;1996;1391;968;933;551;967;531;1312;228;740;2564;154;203;35;70;91;41;56;38;22;;17;22;18;10;27;11;;8;;;;;2;
Krimpenerwaard;G1931;10050;Leiden;K15;43962;37011;78;46;36887;8949;4041;3548;3699;1587;1791;996;1872;1139;2389;463;1407;3271;333;354;470;60;153;40;75;46;43;;32;44;30;11;23;16;;4;;;;;1;
Laarbeek;G1659;10173;'s-Hertogenbosch;K18;18031;14440;26;18;14396;4247;1707;1830;1914;1303;596;441;684;358;95;241;346;12;13;177;179;10;51;4;43;25;27;35;11;6;6;8;7;2;17;;;1;;;;
Landerd;G1685;10276;'s-Hertogenbosch;K18;12488;10501;8;16;10477;3282;1322;1151;1435;1120;386;258;354;230;73;169;238;11;6;119;167;8;17;0;19;17;27;21;5;10;9;6;1;5;11;;;0;;;;
Landgraaf;G0882;11335;Maastricht;K19;29956;22596;40;76;22480;4234;1992;5290;1778;2295;1627;706;2117;802;172;195;358;18;83;317;71;41;69;23;54;37;26;54;29;12;34;9;11;;21;;;3;2;;;
Landsmeer;G0415;11225;Den Helder;K11;8818;7534;33;7;7494;1764;1252;961;440;416;517;416;384;411;76;173;237;22;44;74;36;65;38;19;26;15;10;20;8;6;52;4;1;0;5;2;;;0;;;
Langedijk;G0416;10955;Den Helder;K11;22101;18492;36;28;18428;4935;2757;1789;1897;957;925;785;1250;730;522;327;529;67;82;206;171;39;120;23;80;40;35;58;22;19;19;10;5;10;14;2;;;3;;;
Lansingerland;G1621;10139;Leiden;K15;45917;38531;60;44;38427;11741;6012;3834;3803;1216;1234;1280;1764;1096;1983;733;1531;392;478;342;174;159;175;131;105;62;52;;20;28;39;22;12;7;;1;;;;;1;
Laren;G0417;10649;Haarlem;K10;8789;7566;6;5;7555;2976;1307;534;750;223;268;196;275;328;88;249;193;12;22;38;12;15;10;7;14;7;3;6;5;9;;3;0;;1;0;4;;0;;;
Leeuwarden;G0080;11228;Leeuwarden;K2;97397;77431;104;125;77202;12277;12398;7478;6835;5804;8140;5094;5115;3975;2606;1969;1430;299;452;580;644;432;236;121;375;287;140;164;57;107;;48;36;49;;;24;;;25;;5
Leiden;G0546;10702;Leiden;K15;93046;75742;189;148;75405;11423;17530;5810;3636;3671;5445;8184;2536;4540;1594;4827;1334;198;1430;481;129;1127;191;398;226;206;115;;48;74;130;72;15;21;;12;;;;;2;
Leiderdorp;G0547;10058;Leiden;K15;21104;17592;42;40;17510;4381;3310;1622;1497;835;1129;1000;609;687;455;533;487;126;223;184;36;63;63;70;70;31;16;;5;25;26;9;7;6;;4;;;;;1;
Leidschendam-Voorburg;G1916;11103;Leiden;K15;56038;45166;94;72;45000;12294;8559;4323;3589;2022;2359;2176;1716;1934;914;1286;1124;194;557;456;210;262;381;139;137;78;68;;34;33;76;31;12;23;;6;;;;;7;
Lelystad;G0995;11110;Lelystad;K5;57931;41894;109;104;41681;8881;4910;5997;2664;2865;2484;1802;3227;1740;1367;573;1057;323;1381;552;192;501;231;214;186;178;74;;53;52;;28;55;49;;26;;19;;;;
Leudal;G1640;10840;Maastricht;K19;28781;22302;23;41;22238;5244;3700;3343;2913;1343;1105;641;1098;577;157;282;539;35;18;300;600;15;64;5;62;24;27;48;22;16;25;10;5;;18;;;1;1;;;
Leusden;G0327;10978;Utrecht;K8;23846;20717;18;34;20665;5237;3782;1384;2243;994;969;1022;726;826;1246;580;529;345;85;163;150;72;50;17;75;36;29;28;17;18;;14;4;8;9;3;4;;;;;
Lingewaard;G1705;10744;Arnhem;K7;36353;30451;31;55;30365;9061;4959;3381;3288;2195;1598;1256;1271;897;270;461;671;28;65;323;173;48;93;13;80;56;49;48;17;16;16;18;5;9;;0;;;;;;
Lisse;G0553;10197;Leiden;K15;17761;15038;9;13;15016;4106;2297;1568;1620;649;568;453;759;480;508;267;514;659;40;199;55;38;71;11;39;34;23;;15;10;14;4;5;5;;3;;;;;2;
Lochem;G0262;11263;Arnhem;K7;27569;23535;26;29;23480;5966;4107;1282;2748;1177;1678;1109;860;923;470;555;464;44;129;177;1414;42;65;34;61;36;33;28;19;17;25;8;5;2;;2;;;;;;
Loon op Zand;G0809;11259;Tilburg;K17;18552;14710;27;32;14651;4447;1856;2123;1581;1066;664;498;659;384;138;177;354;71;68;213;108;28;63;6;36;17;24;;18;12;14;2;4;1;19;0;;0;;;;
Lopik;G0331;10333;Utrecht;K8;11249;9386;13;12;9361;2316;756;1106;1396;319;242;164;558;199;680;102;316;655;69;102;224;15;33;21;22;8;11;21;0;1;;1;2;8;14;0;0;;;;;
Losser;G0168;11166;Zwolle;K4;18280;14643;25;18;14600;3319;1499;2266;3231;851;645;288;807;289;115;169;351;18;32;153;389;10;46;2;26;13;13;30;4;9;8;5;3;4;;2;;0;3;;;
Maasdriel;G0263;10341;Nijmegen;K6;18917;15597;22;24;15551;4664;1667;2755;1720;931;526;337;845;342;208;214;464;286;51;181;130;11;55;6;26;24;26;29;11;8;14;3;1;3;13;;;;;;;
Maasgouw;G1641;10964;Maastricht;K19;19834;14917;21;27;14869;3589;1918;2631;1809;1004;902;364;866;542;93;185;337;15;31;228;127;18;44;0;41;20;10;19;18;7;25;6;10;;7;;;2;1;;;
Maassluis;G0556;10880;Dordrecht;K14;25406;19736;62;33;19641;4828;2316;2329;1885;1029;1051;587;1042;566;760;267;734;180;1234;255;36;81;107;122;86;33;37;;18;14;8;12;5;12;;;;;4;;3;
Maastricht;G0935;10182;Maastricht;K19;86680;65342;186;119;65037;11497;11025;10098;4491;4261;6312;4072;3482;2848;510;2074;1041;67;667;892;83;480;136;137;181;127;123;126;50;62;65;52;19;;46;;;8;5;;;
Medemblik;G0420;11215;Den Helder;K11;34283;27928;46;64;27818;7454;3801;3243;3366;1480;1141;863;1787;944;703;425;892;217;133;345;412;63;126;6;109;53;39;72;32;33;26;15;13;8;14;1;;;2;;;
Meerssen;G0938;10494;Maastricht;K19;15177;12400;20;22;12358;3042;1748;1788;1365;819;1078;476;659;460;103;154;214;23;7;177;60;23;34;0;17;21;5;23;19;4;22;5;2;;9;;;1;0;;;
Meierijstad;G1948;10985;'s-Hertogenbosch;K18;63106;50685;73;63;50549;14895;7010;5801;6481;4284;2042;1617;2281;1142;288;807;1151;37;689;554;559;84;133;116;106;81;93;92;35;36;35;14;19;10;54;;;3;;;;
Meppel;G0119;11204;Assen;K3;26794;22080;31;33;22016;4764;3197;2141;2363;1634;1580;984;1099;834;1219;401;496;135;161;211;269;65;80;49;91;28;41;48;14;22;45;6;25;13;;;;;;;1;
Middelburg;G0687;10122;Middelburg;K16;37650;30096;61;54;29981;5489;4175;2230;2626;1688;2442;1536;1512;1422;1904;555;563;2432;330;342;133;127;93;20;69;55;35;;29;26;50;17;52;25;;;;4;;;;
Midden-Delfland;G1842;10130;Dordrecht;K14;14916;13060;14;14;13032;3977;2172;1021;1843;401;430;495;462;347;499;299;532;74;64;85;118;25;59;16;43;19;10;;4;12;12;5;3;5;;;;;0;;0;
Midden-Drenthe;G1731;10520;Assen;K3;27071;22463;39;33;22391;4561;2617;2333;2992;1456;2120;761;1264;669;899;256;463;251;23;263;1054;29;72;5;57;26;53;68;17;17;26;6;26;4;;;;;;;3;
Midden-Groningen;G1952;10410;Groningen;K1;48602;35653;68;62;35523;6081;3966;4819;2631;4270;3664;1466;2054;1141;1837;372;582;266;419;470;725;87;118;73;95;78;51;81;24;39;;9;30;24;35;5;11;;;;;
Mill en Sint Hubert;G0815;10535;'s-Hertogenbosch;K18;8909;7356;10;12;7334;2126;776;910;1287;716;225;157;257;159;36;97;149;8;8;103;223;7;17;1;19;8;6;18;1;4;7;1;0;3;5;;;0;;;;
Moerdijk;G1709;10046;Tilburg;K17;29363;22643;36;26;22581;6244;2460;3361;2392;1789;1024;628;1247;615;605;264;683;136;128;301;281;27;110;10;71;31;34;;29;26;24;5;19;9;24;2;;2;;;;
Molenlanden;G1978;10451;Dordrecht;K14;33503;29026;23;16;28987;5760;1903;2360;3979;1006;1058;472;1370;563;3824;232;742;4816;46;206;269;43;75;5;46;29;34;;15;21;23;8;18;60;;;;;2;;2;
Montferland;G1955;10350;Arnhem;K7;29276;23183;28;28;23127;6239;2649;3591;3050;1569;1083;619;1237;592;202;247;609;35;100;313;655;27;71;8;43;25;39;54;17;14;20;5;11;3;;0;;;;;;
Montfoort;G0335;10033;Utrecht;K8;10675;9335;18;15;9302;2674;1189;880;1156;335;289;272;344;196;474;170;302;518;88;92;182;21;21;8;28;11;10;9;3;8;;1;5;7;7;0;2;;;;;
Mook en Middelaar;G0944;10271;Maastricht;K19;6447;5553;5;7;5541;1357;1164;513;503;345;355;391;168;266;55;151;96;7;5;44;33;21;9;0;17;6;4;6;6;3;7;4;1;;4;;;0;0;;;
Neder-Betuwe;G1740;10916;Nijmegen;K6;17774;14762;23;5;14734;2381;758;1722;1236;474;681;189;777;187;742;86;285;4786;33;109;106;14;28;13;17;13;11;25;4;8;2;3;20;16;8;;;;;;;
Nederweert;G0946;10681;Maastricht;K19;13866;10823;6;17;10800;2761;1278;1515;1704;741;526;320;543;260;70;129;301;10;13;137;295;12;50;2;16;20;26;23;11;10;11;2;3;;11;;;0;0;;;
Nieuwegein;G0356;10374;Utrecht;K8;49306;37438;72;72;37294;9078;5376;4551;2900;2457;2298;1891;1731;1408;995;750;924;208;856;575;94;352;132;157;123;109;72;73;41;31;;27;19;23;21;10;12;;;;;
Nieuwkoop;G0569;10728;Leiden;K15;22702;18652;15;18;18619;5803;2280;1945;2511;656;540;515;975;473;507;275;768;314;85;220;395;37;80;11;62;31;42;;13;27;27;15;5;6;;0;;;;;1;
Nijkerk;G0267;10446;Arnhem;K7;33732;27646;32;38;27576;6648;2751;2895;3700;882;929;714;1424;576;2990;309;684;1735;283;185;331;53;73;94;45;45;32;52;15;7;79;12;10;23;;0;;;;;;
Nijmegen;G0268;11209;Nijmegen;K6;138342;110884;174;239;110471;15731;25762;8503;5342;7684;7310;14744;3576;6752;1352;5629;1385;167;1962;773;159;1497;243;383;376;347;182;108;51;95;177;74;32;24;51;;;;;;;
Nissewaard;G1930;10735;Dordrecht;K14;66369;48367;90;95;48182;10799;4729;8494;3090;3876;2959;1432;3868;1652;1121;489;2193;343;572;794;207;423;409;111;141;106;80;;78;51;43;23;32;38;;;;;25;;4;
Noardeast-Fryslân;G1970;10198;Leeuwarden;K2;35734;27991;50;28;27913;3903;2219;3328;6185;1771;1510;707;2450;797;2192;260;544;442;19;204;958;35;84;8;71;60;20;40;13;40;;7;4;27;;;7;;;6;;2
Noord-Beveland;G1695;10250;Middelburg;K16;6166;5028;12;8;5008;1293;495;601;545;269;292;124;298;249;181;55;174;191;2;75;84;11;19;0;13;11;6;;4;3;2;0;4;6;;;;1;;;;
Noordenveld;G1699;10699;Assen;K3;25307;21086;26;38;21022;4438;3354;2049;1911;1500;2172;1167;884;833;924;316;411;110;10;200;415;27;74;3;62;42;16;37;10;16;26;5;5;4;;;;;;;1;
Noordoostpolder;G0171;10144;Lelystad;K5;34304;28235;31;47;28157;5861;2618;3084;4581;1446;1232;715;2009;578;2070;313;754;1224;227;219;768;49;84;44;61;39;49;;32;16;;14;9;58;;2;;1;;;;
Noordwijk;G0575;10769;Leiden;K15;33560;28180;50;39;28091;8795;3992;3359;2976;1228;1021;1013;1434;1013;456;596;1096;71;96;308;102;61;142;40;85;31;44;;23;27;35;21;5;10;;8;;;;;3;
Nuenen, Gerwen en Nederwetten;G0820;10761;'s-Hertogenbosch;K18;18561;16095;22;24;16049;4689;3121;1334;1788;974;774;755;575;510;188;472;273;18;38;201;63;29;39;10;46;29;17;13;36;10;18;6;5;2;16;;;0;;;;
Nunspeet;G0302;10512;Arnhem;K7;21497;18508;21;14;18473;3045;1106;1764;2252;460;394;309;850;330;2491;131;368;4427;49;102;199;29;25;3;29;21;18;15;10;8;13;5;3;16;;1;;;;;;
Oegstgeest;G0579;10287;Leiden;K15;17780;15684;9;13;15662;4061;3902;866;1301;479;858;976;492;710;466;709;357;56;55;84;29;58;38;26;49;16;20;;6;12;10;15;4;5;;1;;;;;1;
Oirschot;G0823;10225;'s-Hertogenbosch;K18;15112;12525;21;22;12482;3990;1661;1366;1811;873;459;350;453;316;74;236;286;14;7;145;263;9;28;0;19;22;24;21;11;11;8;4;8;1;12;;;0;;;;
Oisterwijk;G0824;10103;Tilburg;K17;25768;20983;27;22;20934;6643;3610;1894;2537;1371;804;801;742;678;177;413;486;24;59;231;163;35;48;9;47;28;23;;25;21;17;15;7;3;23;0;;0;;;;
Oldambt;G1895;10453;Groningen;K1;31198;22760;38;50;22672;3843;2110;3736;1750;3077;2532;719;1503;784;838;204;365;108;31;271;377;28;82;11;60;46;23;64;22;30;;7;13;8;25;1;4;;;;;
Oldebroek;G0269;11106;Arnhem;K7;18177;14832;15;9;14808;2153;774;1684;2121;487;466;275;691;232;2914;107;262;2183;14;83;198;19;30;1;20;10;15;18;5;5;4;3;2;32;;0;;;;;;
Oldenzaal;G0173;11100;Zwolle;K4;25026;20696;34;37;20625;5182;2883;2347;3951;1181;1027;660;1010;461;172;386;451;25;232;177;180;21;64;13;49;29;26;27;16;15;13;9;6;4;;1;;2;5;;;
Olst-Wijhe;G1773;10409;Zwolle;K4;14678;12178;12;19;12147;2751;1642;1032;1777;731;963;540;430;392;310;201;230;45;52;112;762;23;38;0;27;22;9;16;14;6;8;6;7;0;;0;;0;1;;;
Ommen;G0175;11069;Zwolle;K4;14195;12191;14;15;12162;2462;1194;1026;2572;500;454;302;533;276;1323;118;204;228;10;80;696;23;57;0;27;8;14;10;6;5;9;0;3;18;;0;;1;3;;;
Oost Gelre;G1586;11094;Arnhem;K7;23745;19965;31;17;19917;5151;2602;1761;3787;1176;829;528;829;387;103;254;583;23;61;237;1341;13;55;3;49;29;28;30;18;12;15;5;4;4;;0;;;;;;
Oosterhout;G0826;11280;Tilburg;K17;43843;33283;56;45;33182;9281;4902;4242;2920;2296;1719;1233;1667;941;355;590;767;57;872;417;198;98;105;94;115;52;62;;45;26;21;15;26;8;32;2;;24;;;;
Ooststellingwerf;G0085;10836;Leeuwarden;K2;20672;16271;28;33;16210;2916;1690;2037;2044;1344;1391;526;1194;630;629;182;346;159;17;182;627;26;52;1;42;28;28;52;7;11;;7;20;10;;;8;;;3;;1
Oostzaan;G0431;11303;Den Helder;K11;7571;6407;15;30;6362;1665;807;952;355;348;412;293;416;280;108;103;223;26;34;77;49;39;43;2;18;16;7;24;7;4;36;7;2;0;9;0;;;0;;;
Opmeer;G0432;10609;Den Helder;K11;9340;7657;9;14;7634;2066;1068;812;1072;377;304;218;499;226;79;114;260;10;8;103;212;17;58;2;24;18;10;36;5;10;10;4;5;2;3;0;;;2;;;
Opsterland;G0086;10005;Leeuwarden;K2;23686;19125;17;39;19069;3218;2311;1806;2493;1501;1845;696;1234;610;1335;233;377;295;14;150;678;22;47;1;52;28;33;38;9;17;;4;2;16;;;1;;;1;;2
Oss;G0828;10834;'s-Hertogenbosch;K18;70994;54686;72;98;54516;13573;6714;7595;5352;7500;2133;1912;2809;1317;329;831;1155;56;1278;552;429;159;145;60;141;83;82;101;43;25;15;28;34;15;48;;;2;;;;
Oude IJsselstreek;G1509;10260;Arnhem;K7;31672;25025;25;33;24967;6172;3149;2648;3611;1993;1450;871;1034;625;403;260;560;54;444;316;948;45;66;31;58;44;47;56;18;19;21;14;7;3;;0;;;;;;
Ouder-Amstel;G0437;10998;Haarlem;K10;10412;8838;27;10;8801;2078;1896;607;686;357;573;580;259;415;157;342;248;62;73;107;53;166;21;22;12;26;12;14;5;1;;9;3;;1;4;11;;1;;;
Oudewater;G0589;10188;Utrecht;K8;7894;6755;10;6;6739;1848;836;582;1070;217;214;136;317;115;357;93;195;251;21;54;239;10;113;4;14;9;11;11;1;4;;2;5;8;2;0;0;;;;;
Overbetuwe;G1734;11188;Arnhem;K7;37155;30691;43;34;30614;8236;4906;3347;3373;1668;1553;1442;1324;928;900;517;646;482;138;292;377;61;100;10;68;43;36;42;17;28;23;9;31;14;;3;;;;;;
Papendrecht;G0590;10427;Dordrecht;K14;25172;19779;33;31;19715;5021;2262;2239;1804;1066;1036;569;1120;591;1426;214;592;843;214;282;39;59;121;33;49;28;29;;22;13;13;15;3;10;;;;;1;;1;
Peel en Maas;G1894;10205;Maastricht;K19;34636;27128;28;54;27046;6570;3053;4151;4854;1614;1225;761;1387;551;117;333;753;21;111;355;722;30;81;50;55;26;42;50;29;18;35;15;15;;20;;;0;2;;;
Pekela;G0765;10848;Groningen;K1;9844;6978;9;14;6955;924;429;1569;557;1059;721;177;525;201;202;43;96;73;8;64;147;12;40;1;13;19;12;23;13;6;;0;4;8;6;0;3;;;;;
Pijnacker-Nootdorp;G1926;10031;Leiden;K15;40488;34313;46;42;34225;9975;5702;3591;3228;1296;1365;1471;1431;1117;1057;819;1278;245;333;325;134;133;240;86;107;71;57;;35;34;40;22;17;11;;2;;;;;3;
Purmerend;G0439;11066;Den Helder;K11;63683;47452;130;95;47227;10924;6104;7360;2891;3319;2942;2108;3122;1939;604;728;1515;100;667;783;143;682;232;141;177;160;104;134;95;49;61;30;10;28;55;16;;;4;;;
Putten;G0273;11109;Arnhem;K7;18837;16088;80;18;15990;3637;1100;1587;2494;342;330;264;834;306;2147;125;364;1893;30;103;254;17;28;2;21;11;24;31;10;3;9;6;7;11;;0;;;;;;
Raalte;G0177;10279;Zwolle;K4;30201;24999;40;29;24930;6874;3302;1662;5002;1329;1076;760;761;477;483;293;603;68;102;240;1587;36;55;8;55;21;26;47;13;13;18;10;7;1;;0;;0;1;;;
Reimerswaal;G0703;10077;Middelburg;K16;15805;13111;20;8;13083;1990;557;1364;1177;441;462;155;692;186;629;75;270;4603;54;132;134;5;35;6;24;22;16;;5;8;7;4;1;29;;;;0;;;;
Renkum;G0274;11325;Arnhem;K7;25242;21099;21;20;21058;4717;4213;1565;1859;1055;1508;1580;675;1320;664;682;406;106;96;160;80;76;56;7;66;38;20;15;11;15;33;15;9;10;;1;;;;;;
Renswoude;G0339;10269;Utrecht;K8;4055;3563;7;2;3554;766;170;337;519;63;51;39;211;41;277;41;109;758;8;14;109;5;10;5;5;4;3;1;0;0;;0;1;7;0;0;0;;;;;
Reusel-De Mierden;G1667;10162;'s-Hertogenbosch;K18;10218;8073;17;6;8050;2581;899;893;1274;626;345;187;301;193;40;116;149;4;3;123;168;10;37;1;20;13;18;13;14;4;7;0;1;4;6;;;0;;;;
Rheden;G0275;11355;Arnhem;K7;34881;27701;38;41;27622;5817;4703;2915;2352;2133;2084;1746;1129;1413;787;674;542;107;324;253;115;86;76;18;89;68;35;37;17;25;41;12;14;9;;1;;;;;;
Rhenen;G0340;10309;Utrecht;K8;15498;12723;20;11;12692;2630;1412;1369;1187;460;547;441;569;346;771;177;315;2014;126;75;57;25;34;27;30;17;16;14;5;7;;6;4;4;4;0;3;;;;;
Ridderkerk;G0597;10646;Dordrecht;K14;36770;28415;48;37;28330;5917;2649;3932;2259;1682;1443;679;1748;832;1799;256;1169;2410;469;370;59;140;128;111;72;30;42;;38;27;13;6;30;13;;;;;6;;1;
Rijssen-Holten;G1742;10358;Zwolle;K4;28651;25233;32;23;25178;3881;1433;2085;3931;647;750;355;1099;290;2755;173;459;5884;112;124;953;29;43;4;37;20;17;32;8;4;6;5;4;31;;0;;0;7;;;
Rijswijk;G0603;11133;Dordrecht;K14;40197;31107;127;59;30921;7289;5060;4076;2087;1506;1565;1621;1485;1363;659;772;846;137;916;368;56;219;365;119;105;71;33;;40;28;70;35;7;14;;;;;6;;3;
Roerdalen;G1669;10196;Maastricht;K19;16382;12574;18;20;12536;2622;1351;2671;1572;887;849;359;734;437;103;149;221;11;49;158;154;16;55;1;26;15;14;30;14;7;10;9;6;;5;;;1;0;;;
Roermond;G0957;11313;Maastricht;K19;45056;32521;69;67;32385;6791;4621;5499;2834;2139;1936;1490;1829;1309;256;503;726;29;997;394;136;100;142;223;81;71;43;65;23;24;34;12;26;;36;;;10;6;;;
Roosendaal;G1674;10407;Tilburg;K17;58578;43026;87;65;42874;11880;5201;5721;4039;2973;2094;1681;2372;1276;409;583;1133;68;1557;563;246;102;145;308;147;69;84;;56;39;33;10;23;15;34;6;;7;;;;
Rotterdam;G0599;10345;Rotterdam;K13;460271;311664;1589;604;309471;49215;51569;31397;12377;18167;18174;21058;14132;14192;6873;10311;10444;2018;25540;2925;356;9526;1408;5524;926;963;371;;279;222;450;218;146;287;;288;;;57;;58;
Rozendaal;G0277;10684;Arnhem;K7;1303;1249;2;3;1244;455;285;51;108;22;60;66;25;47;31;47;24;4;0;6;1;3;3;0;0;1;2;1;1;0;1;0;0;0;;0;;;;;;
Rucphen;G0840;11152;Tilburg;K17;18744;13246;13;7;13226;3310;860;4086;1170;896;424;245;899;302;69;94;358;18;29;176;137;8;59;0;24;6;13;;9;10;3;2;3;2;12;1;;1;;;;
Saba;O9003;10301;Bonaire;K20;907;450;3;1;446;28;42;12;192;5;7;19;9;8;4;3;1;0;1;0;;113;0;0;;0;;;;;;0;;;;2;;;;;;
Schagen;G0441;10511;Den Helder;K11;37044;30291;37;42;30212;7994;4240;2867;4276;1806;1675;1116;1792;1231;362;473;803;61;31;369;447;58;127;6;99;67;53;77;21;44;46;23;11;9;24;0;;;4;;;
Scherpenzeel;G0279;11146;Arnhem;K7;7653;6695;13;9;6673;1486;457;667;851;185;176;91;327;91;551;48;179;1338;8;47;75;3;17;1;11;14;8;12;3;2;20;0;2;3;;0;;;;;;
Schiedam;G0606;11260;Dordrecht;K14;55801;40200;173;125;39902;7550;5072;5658;2160;2517;2334;1884;2311;1517;675;793;1401;214;3382;611;67;487;238;451;148;112;58;;55;39;64;30;17;27;;;;;20;;10;
Schiermonnikoog;G0088;10355;Leeuwarden;K2;785;907;1;2;904;158;167;51;90;43;96;78;21;56;41;40;12;8;0;9;14;13;1;0;0;4;0;0;0;1;;1;0;0;;;0;;;0;;0
Schouwen-Duiveland;G1676;10843;Middelburg;K16;27562;22989;34;23;22932;5739;2474;2168;2434;1170;1223;585;1165;870;1088;235;697;2108;21;253;388;30;83;9;64;31;17;;11;21;23;11;4;10;;;;0;;;;
's-Gravenhage;G0518;11434;'s-Gravenhage;K12;449253;319724;1423;530;317771;65047;56715;32209;16433;12527;17959;27504;12922;15950;6176;10440;5442;1544;18810;2455;363;4541;4329;2687;936;846;372;331;265;256;;215;175;;;87;139;96;;;;
's-Hertogenbosch;G0796;10054;'s-Hertogenbosch;K18;121353;95871;186;153;95532;22850;18016;10877;6466;6900;4742;5888;4279;4063;840;2955;1861;131;1909;979;254;519;282;370;320;239;168;166;94;72;105;44;32;18;73;;;20;;;;
Simpelveld;G0965;10515;Maastricht;K19;8307;6564;12;10;6542;1278;624;1223;940;523;577;199;445;242;43;63;112;8;5;93;68;6;16;0;15;11;8;2;13;8;13;3;0;;3;;;1;0;;;
Sint Anthonis;G1702;11415;'s-Hertogenbosch;K18;9442;7901;10;9;7882;2154;946;700;1546;659;258;207;298;187;46;102;173;8;6;104;365;14;22;0;16;8;14;7;6;6;9;7;1;0;13;;;0;;;;
Sint Eustatius;O9002;11253;Bonaire;K20;1893;639;5;4;630;20;30;2;205;3;6;8;6;4;5;3;1;0;1;1;;14;0;0;;0;;;;;;1;;;;320;;;;;;
Sint-Michielsgestel;G0845;10496;'s-Hertogenbosch;K18;23111;18904;19;14;18871;5466;3301;2025;2202;1576;767;675;666;580;151;388;371;19;21;188;147;36;55;9;56;25;34;30;18;14;16;9;3;3;19;;;1;;;;
Sittard-Geleen;G1883;11230;Maastricht;K19;74248;56048;140;106;55802;10325;6970;10042;5887;4305;4121;2559;4428;2115;390;806;983;58;494;830;198;155;152;163;165;114;80;127;77;47;76;25;51;;45;;;3;11;;;
Sliedrecht;G0610;11331;Dordrecht;K14;19525;15237;13;24;15200;2791;1139;1550;1329;826;702;321;879;382;1749;145;403;2340;190;135;25;58;67;28;29;27;7;;21;10;16;3;5;21;;;;;2;;0;
Sluis;G1714;10895;Middelburg;K16;17163;13138;24;22;13092;3526;1155;1830;1579;834;941;394;852;415;195;162;350;118;18;200;317;21;43;1;46;16;20;;17;8;15;7;7;3;;;;2;;;;
Smallingerland;G0090;10405;Leeuwarden;K2;43700;34401;156;58;34187;5242;3970;3622;4599;2659;2970;1364;2700;1042;2986;368;532;638;109;279;451;81;88;20;83;88;48;107;27;30;;9;18;39;;;10;;;7;;1
Soest;G0342;11021;Utrecht;K8;36070;29941;60;52;29829;7975;5177;2643;2742;1076;1256;1360;1273;1290;1115;751;880;398;926;273;82;112;78;48;93;44;58;44;29;41;;17;6;12;19;1;10;;;;;
Someren;G0847;10203;'s-Hertogenbosch;K18;15383;12185;8;18;12159;3876;1385;1586;1636;814;341;288;521;260;81;178;335;9;14;172;495;7;32;6;26;11;20;19;9;10;11;2;2;3;10;;;0;;;;
Son en Breugel;G0848;10549;'s-Hertogenbosch;K18;13456;11267;10;18;11239;3398;2081;977;1296;624;425;459;448;398;160;256;284;21;28;150;53;16;26;0;39;19;17;16;15;6;8;5;1;1;12;;;0;;;;
Stadskanaal;G0037;10610;Groningen;K1;25742;18693;34;36;18623;2689;1332;2933;2509;2013;1579;389;1410;393;1752;130;260;322;16;199;368;22;52;1;27;31;14;59;16;11;;0;61;12;15;0;8;;;;;
Staphorst;G0180;11362;Zwolle;K4;12393;11328;8;5;11315;1071;393;918;1311;186;212;103;896;98;1509;78;326;3834;5;47;244;4;13;2;7;5;4;19;6;5;5;4;2;7;;0;;1;0;;;
Stede Broec;G0532;11337;Den Helder;K11;16566;13167;16;15;13136;3414;1685;1682;1479;901;603;411;920;400;189;219;459;59;55;210;128;32;84;3;45;22;35;30;21;19;10;3;6;3;8;1;;;0;;;
Steenbergen;G0851;10731;Tilburg;K17;18705;14455;19;14;14422;4193;1417;2552;1353;1064;617;332;907;376;228;130;487;158;33;193;167;19;55;7;24;20;11;;13;17;14;2;9;13;11;0;;0;;;;
Steenwijkerland;G1708;10546;Zwolle;K4;35106;28604;36;30;28538;6015;2832;3467;4159;1758;1927;903;1710;777;1940;349;709;399;118;235;776;48;83;7;69;38;34;66;25;15;36;10;15;10;;3;;2;3;;;
Stein;G0971;11319;Maastricht;K19;20658;16422;0;19;16403;3219;1717;3241;1646;1316;1413;494;1360;569;83;209;322;17;28;337;93;29;59;18;54;28;22;40;17;17;25;9;4;;15;;;0;2;;;
Stichtse Vecht;G1904;10191;Utrecht;K8;49687;40711;45;48;40618;10964;6724;4332;3805;1711;1923;1846;1715;1388;1292;1055;1136;721;406;409;239;222;131;99;117;71;66;71;32;49;;18;23;21;14;7;11;;;;;
Súdwest-Fryslân;G1900;11421;Leeuwarden;K2;70892;57972;65;77;57830;10643;6993;5595;10050;3543;5188;1958;4341;1940;2185;789;1282;278;92;457;1469;97;197;16;166;111;113;110;47;43;;24;19;69;;;5;;;7;;3
Terneuzen;G0715;10704;Middelburg;K16;39627;29334;147;38;29149;6008;2722;4287;3268;1898;1982;731;2005;748;1352;297;729;1193;404;553;450;63;96;23;86;67;43;;26;23;41;24;13;16;;;;1;;;;
Terschelling;G0093;11210;Leeuwarden;K2;4083;3955;4;7;3944;955;582;328;374;193;492;184;164;180;65;110;107;5;1;28;83;10;17;0;11;8;16;12;4;3;;1;1;3;;;1;;;5;;1
Texel;G0448;10237;Den Helder;K11;11047;10183;8;19;10156;2365;1421;901;1146;588;761;521;551;499;216;192;340;56;16;63;273;30;28;1;45;30;36;26;9;6;17;5;1;1;10;0;;;2;;;
Teylingen;G1525;10017;Leiden;K15;28816;24626;25;40;24561;7391;4396;2099;2774;1007;898;1044;1029;843;569;633;807;67;127;285;86;64;124;35;95;48;34;;27;26;23;17;5;4;;3;;;;;1;
Tholen;G0716;10376;Middelburg;K16;19689;15785;19;13;15753;2730;795;2034;1454;720;624;253;895;328;1021;88;379;3825;61;130;228;22;31;11;10;23;9;;19;8;11;8;7;29;;;;0;;;;
Tiel;G0281;10027;Nijmegen;K6;31546;23306;68;30;23208;5684;2806;3283;1653;1478;1442;906;1365;771;500;368;611;185;1057;315;82;77;149;117;71;30;35;62;23;26;26;12;31;17;26;;;;;;;
Tilburg;G0855;10792;Tilburg;K17;165550;119494;372;234;118888;25803;21430;12245;7811;8912;6057;8255;6671;5078;1037;3676;2236;127;3891;1706;343;1145;368;445;432;346;218;;128;95;121;78;30;55;90;41;;18;;;;
Tubbergen;G0183;10694;Zwolle;K4;16884;14355;12;18;14325;3578;978;1509;5074;367;245;165;540;145;91;132;352;30;2;70;934;4;33;0;16;8;9;15;3;3;13;0;1;5;;0;;0;3;;;
Twenterand;G1700;10643;Zwolle;K4;26061;20893;36;22;20835;3583;1123;3145;4950;989;717;260;1174;270;1823;137;385;1007;19;146;840;17;75;0;26;26;16;50;16;6;3;6;4;16;;1;;1;4;;;
Tynaarlo;G1730;10002;Assen;K3;26644;22721;24;21;22676;5211;4618;1565;1975;1264;2051;1461;752;949;1022;527;382;69;11;171;299;43;47;2;69;32;36;31;14;14;42;5;5;5;;;;;;;4;
Tytsjerksteradiel;G0737;11241;Leeuwarden;K2;25325;20982;34;37;20911;3172;2369;2280;3921;1372;1684;717;1547;659;1358;213;371;252;9;162;445;36;55;5;70;58;22;52;11;25;;12;1;14;;;5;;;12;;2
Uden;G0856;11141;'s-Hertogenbosch;K18;32848;25830;47;26;25757;7393;3892;2762;2939;2325;1002;873;1247;734;180;444;618;20;266;314;208;52;88;45;69;45;54;55;18;24;16;20;15;7;27;;;5;;;;
Uitgeest;G0450;11238;Den Helder;K11;10629;9173;12;18;9143;2514;1608;835;816;494;551;464;426;359;98;190;298;18;21;94;74;26;40;7;37;33;23;24;8;11;16;15;28;3;8;2;;;2;;;
Uithoorn;G0451;11206;Haarlem;K10;21900;17951;41;15;17895;5076;2843;1919;1546;819;866;726;1049;693;259;386;627;44;251;217;92;129;75;40;65;33;27;44;17;16;;12;4;;12;0;7;;1;;;
Urk;G0184;10783;Lelystad;K5;14036;12819;6;12;12801;222;70;1765;994;29;32;28;1223;33;1036;32;109;6972;26;7;10;7;0;0;7;14;1;;1;1;;3;4;175;;0;;0;;;;
Utrecht;G0344;10722;Utrecht;K8;256916;209772;390;298;209084;30675;54091;10377;8442;6784;11717;27241;4627;11835;4828;14043;2809;596;11387;960;242;4426;298;1480;616;593;218;105;80;188;;168;43;53;63;37;62;;;;;
Utrechtse Heuvelrug;G1581;10777;Utrecht;K8;38878;32604;36;47;32521;7667;6255;2395;2970;1234;1589;1888;1041;1824;1494;1030;711;1158;316;246;168;98;47;48;92;40;33;41;19;29;;12;14;20;17;0;25;;;;;
Vaals;G0981;10007;Maastricht;K19;5985;4392;13;16;4363;831;465;775;541;363;356;191;280;192;28;63;73;7;14;59;42;10;5;7;11;4;10;6;5;2;10;4;2;;6;;;1;0;;;
Valkenburg aan de Geul;G0994;11077;Maastricht;K19;13519;10980;22;14;10944;2687;1372;1685;1259;694;893;408;591;467;93;186;230;5;11;139;55;13;24;6;30;17;12;17;11;12;10;4;1;;12;;;0;0;;;
Valkenswaard;G0858;11031;'s-Hertogenbosch;K18;25041;19563;19;31;19513;5442;2592;2632;2159;1622;1009;658;953;550;154;357;455;17;11;329;114;33;113;4;56;41;42;38;43;17;11;5;31;3;21;;;1;;;;
Veendam;G0047;11292;Groningen;K1;22011;16418;23;33;16362;2817;1692;2507;1237;2044;1795;476;1246;469;489;146;344;69;250;214;228;27;81;16;47;37;21;39;7;10;;11;19;5;14;1;4;;;;;
Veenendaal;G0345;11052;Utrecht;K8;50437;41005;79;51;40875;8649;3609;3904;4186;1676;1278;1161;1970;715;5652;485;989;4109;1140;315;144;110;119;314;86;49;44;55;22;23;;13;17;21;14;3;3;;;;;
Veere;G0717;10369;Middelburg;K16;17408;15303;17;14;15272;3468;1589;979;2050;556;874;381;636;526;900;178;342;2210;5;169;210;20;34;3;39;21;13;;15;10;14;3;8;19;;;;0;;;;
Veldhoven;G0861;10071;'s-Hertogenbosch;K18;34559;27882;46;43;27793;8339;4089;3187;2671;2210;1319;1074;1322;747;334;666;593;46;91;419;90;52;151;22;80;48;55;41;46;22;15;9;11;9;34;;;1;;;;
Velsen;G0453;10620;Haarlem;K10;53388;41658;79;79;41500;9902;6625;5815;2834;2615;2271;1779;2676;1726;877;875;1210;106;562;501;128;165;180;45;125;84;73;128;45;39;;16;29;;46;2;14;;7;;;
Venlo;G0983;10477;Maastricht;K19;76044;55910;83;129;55698;11983;7273;10215;5329;3803;3473;2342;3251;1712;317;815;1120;64;1840;814;190;120;141;178;150;99;72;104;62;46;59;44;30;;40;;;6;6;;;
Venray;G0984;11222;Maastricht;K19;33675;25870;44;56;25770;6325;3647;3291;3419;2110;1314;995;1261;585;157;433;491;32;374;329;549;45;73;54;55;30;40;46;19;19;24;9;7;;19;;;12;6;;;
Vijfheerenlanden;G1961;10685;Utrecht;K8;44353;35692;55;48;35589;7902;3792;4089;4265;1608;1637;985;1612;865;2532;451;804;2813;962;333;285;104;92;76;73;61;39;59;31;18;;17;30;15;30;3;6;;;;;
Vlaardingen;G0622;10811;Dordrecht;K14;54667;40381;86;78;40217;8374;5066;5479;2734;2942;2353;1619;2277;1431;1173;578;1431;574;2393;500;76;277;207;275;120;86;64;;35;34;37;20;17;23;;;;;7;;15;
Vlieland;G0096;10211;Leeuwarden;K2;911;954;0;0;954;248;188;66;67;65;64;54;32;52;15;29;31;0;0;11;6;6;6;0;3;1;3;5;0;2;;0;0;0;;;0;;;0;;0
Vlissingen;G0718;10270;Middelburg;K16;33880;24444;48;51;24345;4975;2987;2867;1945;1854;1899;920;1824;1014;789;355;608;493;399;544;150;127;138;51;97;79;45;;26;39;35;7;34;33;;;;11;;;;
Voerendaal;G0986;11341;Maastricht;K19;10148;8436;10;21;8405;1909;1115;1209;1064;595;699;314;436;350;80;127;174;11;17;106;61;14;21;0;32;10;16;10;11;6;10;1;3;;4;;;0;0;;;
Voorschoten;G0626;10537;Leiden;K15;18100;16280;26;13;16241;4410;3362;1285;1516;630;789;955;552;679;372;551;483;56;107;138;38;61;87;31;46;26;18;;9;19;8;6;2;3;;1;;;;;1;
Voorst;G0285;10912;Arnhem;K7;19711;16429;22;18;16389;4598;2336;1344;2188;824;859;619;524;443;437;278;348;299;63;180;811;20;60;1;36;21;28;19;8;4;15;3;12;11;;0;;;;;;
Vught;G0865;11224;'s-Hertogenbosch;K18;24436;19853;23;18;19812;5765;4272;1508;1831;1323;959;994;635;717;220;539;353;27;35;173;95;50;50;7;52;36;31;27;19;10;18;7;39;4;14;;;2;;;;
Waadhoeke;G1949;10404;Leeuwarden;K2;36073;28883;37;33;28813;5118;3101;2866;4929;2151;2841;935;2135;894;1212;361;517;153;30;223;866;37;88;3;88;59;44;61;17;18;;6;25;20;;;6;;;6;;3
Waalre;G0866;10959;'s-Hertogenbosch;K18;13261;11246;21;21;11204;3225;2271;912;1127;654;462;556;383;406;135;416;222;20;22;134;26;29;36;9;41;25;17;21;19;10;3;5;2;2;10;;;4;;;;
Waalwijk;G0867;11359;Tilburg;K17;36973;28289;44;53;28192;7732;3459;3998;2685;2115;1086;870;1505;790;747;326;666;614;522;363;150;41;105;42;87;53;51;;37;24;26;18;32;15;29;1;;3;;;;
Waddinxveen;G0627;10081;Leiden;K15;22877;18829;26;21;18782;4402;2159;1828;1716;764;762;494;984;487;1742;266;616;1538;323;212;73;43;89;76;47;26;31;;25;16;19;7;19;12;;3;;;;;3;
Wageningen;G0289;11010;Arnhem;K7;28607;24499;40;30;24429;3155;5522;1247;1443;1173;1797;3484;622;1457;1016;1951;331;192;158;124;82;303;46;43;59;75;32;20;4;18;40;18;4;6;;7;;;;;;
Wassenaar;G0629;10164;Leiden;K15;18139;15315;23;16;15276;5594;2475;1589;1477;428;443;430;595;539;225;447;490;41;44;111;57;53;96;2;31;19;16;;10;20;22;13;4;4;;0;;;;;1;
Waterland;G0852;10983;Den Helder;K11;13588;11856;28;18;11810;2888;1948;1160;1201;514;773;660;529;550;208;359;406;30;23;104;143;78;28;7;30;23;13;27;8;13;66;8;3;1;8;1;;;0;;;
Weert;G0988;11081;Maastricht;K19;39345;29912;53;50;29809;7257;3833;4277;3254;2030;1551;1759;1700;775;213;495;764;36;614;368;195;58;73;97;111;54;60;76;43;18;31;11;26;;19;;;9;2;;;
Weesp;G0457;10773;Haarlem;K10;15028;12263;53;16;12194;2841;2558;928;873;638;773;795;393;609;181;407;264;37;414;101;76;105;38;25;28;22;17;15;12;19;;7;4;;6;0;5;;3;;;
West Betuwe;G1960;10881;Nijmegen;K6;39928;33293;30;29;33234;8238;3470;4521;3587;1286;1424;909;1786;815;1384;490;928;3129;115;312;357;50;89;29;73;33;41;59;27;19;18;4;15;15;11;;;;;;;
West Maas en Waal;G0668;10042;Nijmegen;K6;15739;12916;12;23;12881;4032;1473;1760;1551;1122;461;356;560;346;102;156;342;18;12;183;188;13;55;9;23;25;13;23;16;4;20;4;3;2;9;;;;;;;
Westerkwartier;G1969;10604;Groningen;K1;50199;40878;53;68;40757;6573;4818;3903;5897;2731;2898;1934;2105;1188;3925;592;726;695;34;325;1750;84;111;6;87;58;54;76;34;29;;11;31;39;31;1;11;;;;;
Westerveld;G1701;10186;Assen;K3;16405;13816;16;22;13778;3202;1837;1264;1465;829;1208;651;599;803;394;223;355;79;13;133;468;17;41;4;49;31;16;33;10;9;30;4;7;4;;;;;;;0;
Westervoort;G0293;11085;Arnhem;K7;11913;9293;11;20;9262;2080;1353;1316;871;794;620;430;445;357;185;149;218;23;73;73;37;24;52;13;43;13;12;18;12;11;15;12;3;8;;2;;;;;;
Westerwolde;G1950;11249;Groningen;K1;20397;15258;18;28;15212;2484;1291;2636;1597;1597;1405;507;1146;646;415;132;317;96;12;186;474;12;65;1;32;23;21;43;13;9;;6;14;16;11;1;4;;;;;
Westland;G1783;11418;Dordrecht;K14;83002;68635;96;104;68435;21462;6870;9408;8973;2108;1772;1243;4751;1653;2097;859;3099;1019;599;622;281;94;660;129;266;83;101;;49;74;72;27;11;39;;;;;12;;2;
Weststellingwerf;G0098;11322;Leeuwarden;K2;21073;16515;15;26;16474;3424;1728;2258;2093;1277;1355;526;1112;593;385;193;368;94;36;166;522;20;62;37;48;35;18;40;18;15;;10;10;14;;;9;;;6;;2
Westvoorne;G0614;10009;Dordrecht;K14;12223;10144;6;7;10131;3367;1281;1347;824;433;493;195;618;378;179;139;479;39;7;111;68;17;52;0;39;13;12;;12;9;8;5;2;1;;;;;2;;1;
Wierden;G0189;10676;Zwolle;K4;19150;16545;23;16;16506;4058;1298;1508;4038;495;497;313;733;191;1289;123;426;641;16;107;556;15;59;1;16;22;14;25;7;6;9;3;31;9;;0;;0;0;;;
Wijchen;G0296;10723;Nijmegen;K6;32747;26649;45;36;26568;7542;4067;3164;2849;2056;1339;1043;1101;791;256;484;732;23;149;325;193;63;64;22;73;39;45;39;26;24;21;5;6;6;21;;;;;;;
Wijdemeren;G1696;10534;Haarlem;K10;19336;16377;26;18;16333;5093;2651;1643;1654;645;641;613;752;640;428;361;497;118;38;131;130;57;55;7;56;21;16;35;10;18;;7;4;;6;1;3;;2;;;
Wijk bij Duurstede;G0352;10760;Utrecht;K8;18913;15724;26;18;15680;4209;2316;1702;1537;839;801;636;796;580;477;342;428;391;84;163;117;34;50;6;41;22;22;32;9;12;;5;6;3;10;0;10;;;;;
Winterswijk;G0294;11119;Arnhem;K7;22952;18370;28;36;18306;4195;2808;1600;2318;1312;1431;721;867;427;347;242;401;60;145;152;958;24;65;9;58;30;22;43;16;11;19;10;7;8;;0;;;;;;
Woensdrecht;G0873;10602;Tilburg;K17;16236;12269;21;13;12235;3647;1245;2093;1182;910;555;280;755;362;114;130;401;17;34;198;97;21;55;2;32;19;26;;19;10;9;4;3;1;14;0;;0;;;;
Woerden;G0632;10974;Utrecht;K8;40201;34121;37;59;34025;8614;5436;2651;4219;1198;1443;1488;1209;1039;1885;766;913;1133;489;507;266;132;100;120;139;55;59;64;9;19;;7;32;14;14;1;4;;;;;
Wormerland;G0880;10648;Den Helder;K11;13027;10817;10;11;10796;2647;1722;1089;823;819;705;563;482;536;238;200;264;39;83;141;151;52;56;5;60;20;16;27;14;13;3;5;8;3;8;2;;;2;;;
Woudenberg;G0351;11398;Utrecht;K8;10215;8763;16;24;8723;1872;745;638;1057;225;290;186;441;204;815;97;184;1686;24;54;71;12;23;10;18;10;9;20;3;7;;1;3;9;6;0;3;;;;;
Zaanstad;G0479;11044;Den Helder;K11;112516;87049;244;172;86633;16835;12682;10659;4796;6494;6510;4804;4904;4097;1458;1565;2065;352;4041;1185;382;1371;395;403;310;280;168;249;108;92;147;60;59;38;77;36;;;11;;;
Zaltbommel;G0297;10557;Nijmegen;K6;21513;17802;24;15;17763;3755;1963;1765;1716;815;762;617;808;459;1182;310;370;2520;220;129;81;32;59;21;46;14;25;35;16;10;7;4;7;10;5;;;;;;;
Zandvoort;G0473;10910;Haarlem;K10;13503;10756;33;14;10709;3214;1449;1599;702;504;536;354;683;528;83;231;382;12;42;115;25;39;60;3;35;26;18;15;18;15;;7;2;;8;0;2;;2;;;
Zeewolde;G0050;10012;Lelystad;K5;16680;13987;22;19;13946;3704;1670;1497;1569;534;442;471;967;410;1033;272;538;243;52;138;190;35;57;9;40;16;16;;11;12;;3;9;6;;1;;1;;;;
Zeist;G0355;10324;Utrecht;K8;49108;40072;58;71;39943;9305;8242;2885;2968;1518;1964;2959;1311;2078;1502;1413;755;612;1124;298;61;257;104;155;124;83;48;45;21;32;;17;15;13;15;1;18;;;;;
Zevenaar;G0299;10938;Arnhem;K7;35565;27903;28;40;27835;7490;3717;3591;3243;2079;1656;1061;1373;880;297;366;658;29;180;382;281;56;125;12;72;54;50;59;28;26;25;10;25;9;;1;;;;;;
Zoetermeer;G0637;10766;Leiden;K15;95546;73943;162;131;73650;18287;10871;9439;4927;4379;3929;3227;4528;2760;2033;1326;2158;751;1290;1018;193;527;746;202;262;173;143;;84;75;122;42;51;39;;54;;;;;14;
Zoeterwoude;G0638;11074;Leiden;K15;7019;5901;7;9;5885;1523;1001;583;725;267;222;293;265;237;122;141;143;40;29;54;155;13;8;1;10;13;12;;8;10;6;3;0;1;;0;;;;;0;
Zuidplas;G1892;10855;Leiden;K15;34063;27746;47;35;27664;7124;3364;2823;2403;1200;1140;801;1463;820;1846;434;1118;1786;329;245;124;92;122;57;72;41;55;;30;25;39;8;81;17;;2;;;;;3;
Zundert;G0879;11192;Tilburg;K17;17244;13451;23;24;13404;4461;1454;1738;1800;886;448;288;630;313;85;161;344;20;42;197;329;21;50;17;37;8;20;;7;11;13;11;4;4;5;0;;0;;;;
Zutphen;G0301;10254;Arnhem;K7;37888;30290;51;39;30200;5256;5354;2530;2121;2382;2453;2402;1362;2186;889;766;515;119;517;270;323;149;101;41;111;62;38;53;25;27;95;19;12;19;;3;;;;;;
Zwartewaterland;G1896;10746;Zwolle;K4;16766;14382;38;10;14334;2038;760;1331;2060;541;491;212;648;166;2258;102;252;3041;13;85;204;5;32;2;16;9;11;23;4;4;4;5;3;10;;2;;1;1;;;
Zwijndrecht;G0642;10468;Dordrecht;K14;34589;26030;50;47;25933;5845;2806;3386;2365;1608;1313;747;1508;731;1591;272;856;1129;685;372;64;107;131;133;72;58;34;;35;14;20;5;13;26;;;;;4;;3;
Zwolle;G0193;10093;Zwolle;K4;99879;82028;127;153;81748;14635;15237;5467;7057;4539;5400;6231;3347;3481;7656;2383;1367;852;1085;547;427;545;223;83;297;227;124;133;51;72;116;42;41;65;;5;;7;6;;;
